id,firstname,lastname,email
1,John,Johnson,john@emil.com
2,Jane,Doe,jane@email.com
3,Rachel,Zane,rachel@lawyer.com
4,Louis,Litt,louis@lawyer.com
5,Jessica,Pearson,jessica@lawyer.com
6,Katla,Stark,katla@gmail.com